<?xml version="1.0"?>
<QTM_Label_List_Ver_1.00>
    <Trajectories>
        <Trajectory>
            <Name>Screen - 1</Name>
            <Color R="0" G="0" B="255"/>
        </Trajectory>
        <Trajectory>
            <Name>Screen - 2</Name>
            <Color R="0" G="0" B="255"/>
        </Trajectory>
        <Trajectory>
            <Name>Screen - 3</Name>
            <Color R="0" G="0" B="255"/>
        </Trajectory>
        <Trajectory>
            <Name>Screen - 4</Name>
            <Color R="0" G="0" B="255"/>
        </Trajectory>
        <Trajectory>
            <Name>Pen - 1</Name>
            <Color R="0" G="255" B="0"/>
        </Trajectory>
        <Trajectory>
            <Name>Pen - 2</Name>
            <Color R="0" G="255" B="0"/>
        </Trajectory>
        <Trajectory>
            <Name>Pen - 3</Name>
            <Color R="0" G="255" B="0"/>
        </Trajectory>
        <Trajectory>
            <Name>Pen - 4</Name>
            <Color R="0" G="255" B="0"/>
        </Trajectory>
    </Trajectories>
    <Bones>
        <Color R="246" G="249" B="124"/>
        <Thickness>10.000000</Thickness>
    </Bones>
</QTM_Label_List_Ver_1.00>
