NO_OF_FRAMES	7000
NO_OF_DATA_TYPES	1
FREQUENCY	700
TIME_STAMP	2025-08-16, 18:38:19
DATA_INCLUDED	Velocity
DATA_TYPES	New 0009_vel


0.000
32.792
58.517
71.094
48.552
100.076
26.712
15.356
102.906
19.603
34.918
14.688
21.585
74.641
27.651
37.001
8.941
64.388
35.529
18.119
89.728
5.778
75.092
93.217
25.777
60.253
21.529
38.557
50.724
13.194
32.593
11.874
64.534
8.605
51.090
34.831
46.496
45.153
33.287
37.478
8.816
35.309
11.343
20.177
20.105
24.460
20.563
12.554
22.823
37.655
11.412
17.823
44.079
90.593
41.468
21.178
19.424
41.736
77.079
32.950
60.919
61.907
37.513
13.006
15.731
49.667
30.921
20.981
46.738
19.558
31.105
24.862
6.266
21.388
27.619
78.673
27.785
26.262
14.025
53.214
38.032
17.144
56.837
28.125
69.814
39.045
31.204
5.679
33.151
57.707
42.318
27.773
12.818
53.907
29.437
31.674
38.708
15.713
37.886
30.976
5.908
7.400
35.199
38.064
33.082
32.583
42.727
64.817
38.065
58.745
21.551
22.761
35.347
34.045
61.334
35.904
69.981
23.866
49.765
64.919
33.312
75.490
29.463
14.235
14.210
16.864
3.765
15.106
44.419
21.160
53.288
29.202
35.922
30.025
18.722
17.141
25.840
8.741
27.748
58.516
36.461
52.943
44.822
20.648
28.867
12.618
16.009
12.147
3.432
33.504
17.568
22.180
17.785
16.459
57.781
29.874
53.146
44.781
33.705
41.334
33.700
23.908
44.419
13.434
6.188
46.672
42.153
17.845
13.248
19.133
13.995
24.751
18.589
20.030
14.752
37.578
30.200
36.682
86.195
8.849
52.519
13.964
10.622
54.976
24.691
62.960
42.685
62.947
32.728
68.299
24.178
32.159
39.231
23.715
20.372
43.087
17.608
44.614
20.417
9.998
39.361
35.428
21.270
55.357
14.150
28.083
15.728
67.527
89.393
59.584
87.349
32.515
16.377
31.931
69.549
18.602
57.254
47.954
33.338
46.951
20.060
37.149
16.443
46.294
21.014
49.961
17.255
39.685
18.928
25.999
17.610
19.317
12.252
35.012
45.922
53.011
36.329
34.321
31.990
22.849
47.435
28.929
25.717
56.885
28.497
58.869
17.242
42.247
2.789
32.664
31.442
8.775
24.616
22.680
12.801
25.913
19.232
12.481
14.489
32.002
15.052
39.378
7.495
54.164
36.219
12.009
30.065
16.495
50.254
73.617
49.488
57.441
15.689
48.306
20.987
69.475
21.676
70.780
23.695
63.338
15.539
28.726
15.278
39.999
23.586
76.581
36.572
47.013
17.780
48.905
25.454
69.392
34.140
63.097
41.643
4.923
21.683
36.639
22.124
37.933
30.305
19.749
21.285
88.452
19.099
59.003
44.499
28.656
25.214
38.820
12.899
15.446
43.242
18.744
70.845
18.428
38.776
15.954
28.663
59.965
43.330
39.572
30.668
34.748
23.496
19.956
28.404
7.101
25.378
16.112
42.566
5.990
55.271
12.170
12.813
43.538
31.655
29.058
36.225
39.375
21.688
43.963
22.412
54.392
91.597
46.089
58.998
27.574
30.838
37.936
40.519
9.326
23.734
20.990
31.407
13.468
38.140
14.970
48.184
28.563
15.213
12.160
44.236
47.899
66.094
15.496
14.608
16.628
56.592
11.196
53.459
35.092
43.074
27.873
18.601
13.912
44.886
17.984
18.175
27.320
33.933
16.109
34.266
21.471
22.699
55.493
42.788
59.441
32.993
37.498
12.884
13.650
70.586
97.574
84.852
80.467
36.011
11.990
53.615
20.629
51.974
12.541
33.392
32.614
30.482
21.433
28.146
6.799
21.254
22.503
57.644
40.933
34.139
27.731
47.556
17.629
21.159
57.889
44.696
77.019
41.661
32.299
12.667
30.255
31.251
41.876
21.736
38.314
36.185
77.096
32.013
45.740
44.507
20.263
24.816
20.276
24.629
17.673
25.237
19.316
64.435
48.431
21.338
51.627
22.609
64.050
36.506
44.382
19.088
12.507
23.532
28.721
10.972
52.701
28.216
35.084
65.188
38.008
3.293
98.437
46.857
43.694
71.426
8.334
27.990
34.835
29.834
21.028
41.154
49.354
12.598
33.941
11.313
46.420
33.029
73.795
44.897
72.195
36.414
34.895
63.902
35.958
65.428
40.184
29.028
19.397
19.642
31.304
10.267
49.541
28.319
25.046
24.868
31.915
44.085
40.227
31.394
24.379
27.089
32.898
41.917
24.947
28.935
45.076
46.409
69.181
52.635
16.112
21.741
34.761
35.296
48.080
35.046
41.037
39.971
15.929
36.190
14.000
49.918
50.957
63.311
37.350
26.485
15.102
56.176
39.516
38.463
41.410
34.746
33.804
46.914
25.218
15.958
29.605
18.555
54.947
27.141
28.123
35.149
40.571
41.058
35.696
31.621
14.112
68.632
42.935
54.291
33.478
22.037
27.690
33.035
36.421
17.031
5.066
16.932
23.806
62.135
20.991
53.326
56.538
21.664
52.722
40.610
50.186
45.068
24.613
47.665
14.223
43.529
31.182
40.760
19.279
29.629
21.699
24.138
30.073
24.786
45.488
15.765
40.944
9.432
31.481
39.263
36.172
56.634
26.196
25.631
42.960
37.568
55.545
19.332
70.869
10.274
18.933
4.426
47.182
10.649
33.170
38.704
90.929
41.407
37.166
37.884
36.635
35.313
34.037
28.223
34.689
46.472
15.194
47.626
17.969
43.341
18.433
37.792
49.426
28.732
48.424
22.026
92.843
30.471
64.959
30.903
26.348
42.181
49.806
22.836
23.068
33.994
53.827
52.082
18.052
43.893
21.279
21.056
25.792
18.828
44.820
24.107
54.383
39.035
24.887
26.883
8.178
53.205
16.147
30.346
29.035
20.458
36.960
46.783
67.913
14.038
23.834
7.417
42.301
27.754
38.477
48.901
42.906
48.819
18.765
53.283
36.121
22.775
55.671
17.642
29.887
38.297
35.484
26.266
7.828
8.951
19.980
13.703
16.081
21.794
31.526
45.270
35.750
59.328
23.913
33.222
33.465
19.442
15.999
60.998
18.508
36.642
29.172
37.479
44.262
83.865
13.478
65.133
25.390
42.663
41.622
44.468
26.948
16.809
27.292
36.587
23.490
25.665
29.311
11.009
38.768
28.134
55.714
49.289
19.711
43.002
45.782
23.365
26.542
13.936
24.115
17.238
11.894
38.896
59.333
9.416
19.428
13.758
38.428
39.253
36.442
27.740
25.141
19.914
43.519
43.511
39.989
36.090
29.403
47.434
35.443
42.228
13.484
28.751
21.764
47.922
33.073
34.884
29.251
17.419
13.812
22.201
24.541
26.481
23.184
9.233
47.110
27.442
22.348
39.601
23.830
21.062
25.408
8.071
44.917
31.502
80.090
37.518
49.768
32.640
29.028
61.137
38.677
45.696
33.328
22.386
22.533
20.598
103.039
25.087
34.738
31.960
13.277
18.752
18.274
50.461
16.121
43.013
81.872
121.383
48.438
27.018
9.163
75.280
23.623
30.064
33.553
31.224
4.576
14.586
27.437
27.062
3.216
32.393
20.572
30.573
100.091
22.252
53.955
66.821
28.625
77.103
40.656
30.993
28.165
25.755
20.051
17.305
23.286
32.856
12.792
25.363
18.962
29.418
16.839
10.825
28.268
18.434
31.963
17.122
13.896
16.463
14.160
41.277
38.965
75.966
35.973
58.949
31.164
26.923
34.309
36.235
30.951
19.921
35.872
32.897
15.579
10.516
46.767
65.830
65.075
99.221
67.725
31.692
20.996
30.360
40.587
32.895
11.541
32.663
18.893
8.422
41.543
27.680
43.723
24.409
12.315
48.138
63.020
37.148
6.756
53.486
25.807
35.672
12.910
20.664
17.956
12.156
28.150
26.077
7.643
47.662
15.514
48.428
29.008
30.318
48.949
19.481
16.117
10.688
44.697
22.793
49.559
70.009
15.216
40.204
18.333
47.619
34.656
21.562
34.511
30.741
26.510
77.077
33.727
37.762
82.449
14.835
68.515
40.234
53.170
28.813
6.312
70.872
20.228
32.463
14.912
19.106
19.670
10.031
99.117
72.275
68.711
75.292
51.964
34.324
46.842
14.706
20.085
78.796
14.587
60.504
34.603
13.466
20.904
7.370
37.338
29.683
64.077
14.129
19.847
31.715
24.544
10.930
12.104
52.219
3.287
37.269
13.915
25.248
12.549
46.726
34.537
50.228
21.317
27.242
30.124
5.391
28.973
16.764
47.555
52.859
15.433
65.727
19.846
42.901
43.008
33.651
27.828
27.739
44.232
44.835
53.485
10.747
73.397
44.368
70.101
86.163
36.884
75.698
16.787
76.193
30.433
37.120
16.884
36.197
32.156
23.602
31.753
14.985
43.061
18.652
13.327
14.134
62.898
24.031
50.997
38.013
12.110
42.613
41.866
44.688
37.619
20.649
15.875
36.797
23.051
11.150
48.566
16.169
18.481
23.114
14.282
10.408
65.251
11.071
40.390
6.593
48.067
18.224
20.737
20.689
21.940
43.722
18.806
23.507
32.517
33.488
44.777
16.972
28.693
22.000
26.737
23.939
10.259
33.529
65.795
23.822
17.045
14.480
9.305
53.815
28.669
15.852
29.035
20.823
3.354
36.046
26.922
45.447
40.151
54.068
55.322
52.474
11.148
31.238
28.966
50.087
46.673
81.306
16.780
32.290
65.281
22.079
30.441
28.361
17.215
25.435
55.781
48.386
39.337
52.632
41.508
27.942
73.022
23.757
24.122
40.323
27.765
21.474
67.579
11.595
79.579
14.191
21.652
70.248
18.328
25.868
10.792
22.967
37.824
37.059
35.470
28.067
35.756
47.305
19.521
37.978
16.254
39.524
32.685
74.452
42.900
68.263
20.060
28.070
30.275
31.159
38.371
17.020
27.820
63.612
29.391
57.465
24.711
47.092
38.045
31.225
32.204
15.212
22.426
26.536
12.023
22.811
32.291
32.806
13.031
21.540
81.430
29.177
32.894
8.991
14.728
46.337
28.639
13.048
10.817
23.196
28.879
73.166
45.844
77.673
54.525
13.809
28.271
28.252
35.187
24.026
49.800
24.264
74.672
15.641
49.946
13.352
41.545
28.903
32.790
39.107
18.038
27.842
45.456
35.212
64.531
27.672
65.173
29.231
13.321
27.336
62.995
37.177
74.447
36.346
38.136
38.033
51.538
17.460
46.927
46.783
37.945
44.779
10.904
55.538
15.282
37.114
42.168
26.734
51.367
46.365
37.983
37.739
31.688
39.248
11.515
47.690
30.208
8.104
20.894
18.150
26.515
21.645
12.477
43.744
28.315
14.239
27.503
63.887
26.596
53.128
27.437
31.085
60.216
45.667
17.580
55.764
42.716
38.192
61.940
46.899
10.347
18.265
14.677
14.136
41.257
16.734
14.758
5.349
36.355
31.668
99.403
38.224
46.943
59.127
72.695
19.455
37.309
48.650
13.511
30.522
33.285
25.692
24.319
37.452
49.627
46.093
28.932
23.044
38.732
27.337
21.161
17.817
31.732
28.390
23.079
55.951
17.212
21.068
13.436
7.355
95.300
45.428
68.643
27.382
7.916
8.183
33.270
30.644
43.267
44.820
33.018
25.733
29.479
33.308
36.313
64.010
7.410
76.966
26.228
37.998
58.441
34.688
18.974
20.145
55.018
40.094
45.354
26.660
30.591
81.862
50.944
47.068
25.740
10.419
18.604
16.488
11.712
30.845
41.297
45.555
38.864
26.198
26.525
45.195
53.413
56.257
18.705
34.161
19.875
21.014
36.966
8.643
44.651
15.077
38.957
5.885
20.153
30.671
24.040
36.892
6.915
13.729
23.697
47.851
24.337
27.352
22.128
9.555
33.335
8.890
7.538
12.258
19.547
21.062
19.752
37.279
46.721
37.864
16.361
35.808
36.437
26.560
15.945
54.459
34.841
82.244
63.753
33.473
84.336
35.266
116.001
53.935
45.326
75.136
29.789
35.684
51.695
3.978
25.441
50.801
41.136
48.821
44.701
21.629
55.226
41.018
74.113
28.099
35.749
26.603
20.744
59.693
10.556
40.429
34.883
42.436
71.812
18.741
22.253
31.359
37.786
46.894
33.865
76.213
54.218
53.514
59.464
10.199
28.229
35.154
28.707
10.914
40.294
20.796
17.287
23.629
37.696
33.601
17.778
66.066
9.817
61.862
25.629
40.917
29.865
17.682
37.336
18.187
15.900
31.368
56.614
37.062
34.786
40.190
19.093
26.243
25.181
44.331
13.593
18.170
47.394
31.811
45.233
30.625
23.531
33.742
16.305
27.695
21.637
21.766
40.313
50.285
16.920
40.875
5.897
10.935
13.752
34.912
12.340
21.268
18.387
31.168
51.424
45.991
29.361
32.072
34.200
8.201
52.260
61.206
37.056
65.101
40.325
21.173
49.753
35.370
14.361
25.998
26.249
24.104
32.781
25.981
16.138
20.734
4.961
17.936
23.512
26.633
30.958
27.663
30.321
54.623
11.498
29.952
10.598
51.296
65.991
95.586
53.401
49.771
24.988
43.217
41.190
19.552
22.838
62.701
12.601
43.328
20.039
18.993
15.156
71.817
78.310
82.834
76.389
77.502
1.623
43.097
58.053
16.908
19.660
45.405
9.217
28.706
13.875
17.206
57.418
45.822
45.811
33.568
18.452
34.485
32.769
33.871
37.598
76.149
13.187
44.402
23.619
22.846
22.945
24.456
34.351
11.188
46.771
35.421
34.745
2.813
60.024
70.522
28.854
48.724
48.278
27.732
15.048
29.258
46.305
30.555
53.502
28.274
21.925
44.507
6.073
30.726
27.104
41.847
71.975
24.057
48.435
20.715
42.029
10.559
78.309
67.202
27.323
44.054
51.387
58.305
63.890
53.866
73.193
21.406
24.991
30.638
51.023
30.554
54.498
26.106
69.479
17.544
42.276
27.062
27.332
16.596
25.981
10.913
35.612
19.595
49.250
63.315
12.862
55.106
39.253
8.148
37.916
15.035
45.778
27.352
41.930
13.436
15.219
36.849
24.676
51.289
18.930
39.474
36.581
13.935
32.477
30.127
26.473
10.380
39.043
38.483
21.775
6.977
15.403
24.605
7.239
20.531
26.449
37.578
45.323
4.962
54.366
4.127
11.132
21.177
83.308
24.282
44.017
11.452
12.564
9.316
4.752
42.048
43.928
36.410
32.093
16.989
18.971
11.115
31.860
19.799
34.803
62.506
47.667
51.631
77.673
21.910
54.964
14.690
31.040
8.899
58.080
64.166
44.830
57.337
59.913
35.955
7.601
11.352
23.966
25.564
19.025
35.382
41.137
15.892
60.526
36.095
32.663
64.917
42.842
19.550
8.410
24.235
55.213
50.759
68.952
17.710
59.654
19.618
24.384
19.612
34.110
18.350
85.134
19.413
45.594
17.514
6.105
11.151
13.256
16.069
40.574
12.002
33.379
29.619
22.716
29.616
17.394
20.092
5.002
35.992
22.404
28.697
23.888
5.603
45.366
7.033
41.134
12.457
24.474
25.933
7.947
17.409
6.254
19.966
25.640
53.773
42.399
2.029
15.896
45.771
32.816
26.403
30.045
13.517
8.808
4.610
29.701
34.264
54.399
48.107
50.994
15.372
37.077
17.242
40.516
53.392
27.197
32.989
21.362
6.917
23.932
35.031
49.756
27.541
34.310
39.085
37.388
30.690
70.799
28.226
17.185
30.191
64.329
30.550
30.576
4.892
40.502
10.439
65.484
40.751
39.152
26.582
29.789
22.455
19.043
16.000
55.082
26.667
50.243
24.785
23.335
27.151
36.874
28.393
28.066
27.655
61.672
55.391
17.019
26.975
10.867
56.590
34.328
136.703
32.752
97.859
34.241
44.087
67.539
54.343
91.536
38.533
49.342
36.411
47.315
73.021
16.004
44.477
18.289
19.845
19.783
8.931
23.007
9.989
25.401
17.828
18.688
45.405
33.409
14.703
52.457
32.773
52.149
14.621
25.736
21.243
6.446
27.940
24.614
6.487
11.261
52.416
33.637
22.849
80.187
47.331
71.917
3.533
7.762
26.999
43.965
6.295
18.346
11.804
35.345
19.401
21.730
31.491
51.673
34.523
35.887
33.907
13.230
38.291
112.227
35.981
52.812
60.337
58.799
47.421
37.288
28.162
65.244
69.286
33.052
22.567
10.064
40.594
27.346
44.288
16.653
27.126
33.285
11.933
59.670
32.033
9.416
21.647
35.492
106.708
24.709
72.760
16.304
40.439
30.832
32.435
91.077
28.275
84.081
15.177
21.607
12.238
24.497
20.168
19.789
42.990
28.153
63.044
28.164
9.391
11.755
49.447
29.488
34.090
25.223
26.441
20.804
26.727
47.255
89.926
33.597
72.859
34.832
19.487
16.466
48.212
67.238
9.044
69.566
8.797
49.462
15.397
27.524
35.662
33.068
42.092
58.536
42.479
47.138
38.074
40.012
21.856
69.984
30.555
23.823
3.195
28.053
33.679
28.491
39.264
31.223
22.413
46.877
80.497
48.939
75.147
8.975
26.151
17.734
21.870
22.548
58.065
23.454
33.487
10.636
11.664
46.231
33.197
45.892
50.822
14.748
64.074
28.925
9.478
20.428
49.418
10.450
56.153
11.591
41.774
20.921
15.013
29.129
15.164
31.290
5.541
14.396
9.480
27.784
28.463
26.329
26.095
37.992
41.601
42.738
77.743
34.949
61.630
5.397
21.450
22.031
46.870
45.339
38.766
19.729
39.552
35.656
72.007
2.853
35.301
59.655
13.454
49.134
22.134
10.662
46.314
45.603
7.559
62.542
8.279
39.252
23.773
29.600
10.183
33.419
24.561
33.646
28.054
45.093
35.421
34.388
20.615
44.223
36.446
63.116
26.528
35.109
23.823
79.857
37.795
83.138
23.115
87.911
19.762
19.744
4.047
20.204
51.024
11.584
12.988
37.151
49.745
41.940
43.944
36.667
24.107
19.908
40.206
16.965
31.160
15.240
16.126
20.995
2.885
6.517
3.166
25.971
31.544
10.852
43.632
17.184
47.874
55.167
23.728
41.861
17.537
18.334
60.003
10.621
86.402
20.106
25.331
27.815
26.223
30.112
58.281
32.132
44.975
20.881
58.762
9.234
10.317
39.997
9.315
31.979
9.891
84.983
42.173
41.622
14.340
49.841
39.753
17.736
30.770
11.719
21.115
24.196
38.929
26.755
13.467
47.266
32.327
46.611
27.093
25.476
13.008
31.505
6.382
29.304
56.789
11.644
60.629
96.758
14.317
33.764
33.098
89.934
10.511
28.798
11.849
32.821
66.335
31.101
46.182
48.550
23.310
47.199
40.414
38.665
43.418
30.541
48.249
30.042
46.016
34.888
21.056
9.062
48.449
9.932
22.220
18.994
72.813
51.490
36.384
46.942
35.390
26.247
25.138
23.463
49.276
21.828
56.547
15.371
35.968
24.388
29.319
41.734
46.552
33.183
27.544
3.111
14.737
19.164
25.013
61.239
33.862
17.555
12.176
29.830
27.915
47.696
28.388
28.250
21.580
49.790
48.484
26.944
59.201
49.550
54.284
51.882
81.578
51.205
64.713
33.808
17.767
21.873
20.266
49.986
23.143
38.898
25.707
37.216
3.213
83.714
29.970
35.379
73.413
36.694
44.756
60.626
24.269
17.814
52.214
11.212
33.883
19.884
16.564
21.092
11.566
42.373
37.046
57.342
93.541
34.081
61.479
18.606
46.238
18.511
57.882
30.295
27.142
4.907
43.534
35.061
54.877
42.585
35.460
11.262
23.301
16.583
19.338
62.428
27.588
37.297
13.602
25.076
4.070
15.031
22.803
14.453
36.347
10.632
12.512
18.045
20.474
10.384
26.401
26.229
31.499
44.414
65.500
19.635
45.913
19.608
33.002
7.998
20.325
18.576
16.622
28.100
70.100
20.621
63.172
55.465
27.353
42.478
16.477
57.038
11.131
28.770
50.026
58.968
79.602
34.961
36.631
42.515
44.341
55.441
35.135
23.177
59.174
26.137
43.951
26.671
57.714
73.869
59.948
74.943
3.054
34.625
30.676
25.464
22.886
29.215
18.169
24.840
39.459
35.784
34.102
38.877
19.160
39.354
67.086
60.648
49.835
38.260
19.869
34.215
41.349
18.191
25.461
30.996
24.503
44.779
28.885
77.191
19.772
59.499
47.697
29.198
36.661
39.912
26.086
59.230
19.541
57.108
45.715
14.255
49.259
23.416
19.710
26.966
65.679
21.007
28.185
46.944
25.944
56.908
49.420
27.157
40.747
40.426
17.146
49.634
34.929
69.599
42.441
42.800
38.637
6.489
12.854
7.662
39.397
56.592
33.679
55.341
39.831
47.803
47.073
15.486
26.311
46.969
41.322
6.855
20.850
13.052
44.416
34.522
23.212
51.573
25.525
87.097
54.186
80.171
8.077
48.174
38.209
52.543
28.796
16.999
71.915
20.141
83.768
18.721
33.912
13.796
18.957
13.457
7.949
9.973
13.214
27.038
30.144
41.339
34.140
29.443
9.540
35.287
37.454
25.349
49.816
24.205
41.732
42.906
25.396
21.036
8.958
25.008
37.088
40.230
39.781
36.400
21.405
11.825
32.936
30.852
36.847
66.315
11.179
67.835
34.092
26.039
24.356
23.226
22.446
42.492
45.822
27.253
6.744
58.999
68.472
60.842
66.227
84.132
11.022
34.489
26.682
33.597
66.340
10.197
16.752
31.865
65.592
35.054
40.528
21.018
62.059
34.818
16.885
13.206
18.014
55.097
46.109
4.927
45.961
66.108
50.021
38.306
17.954
11.433
19.872
52.439
29.681
73.600
17.317
44.186
29.061
24.014
35.282
8.018
61.846
35.714
53.486
56.546
38.346
32.970
33.281
16.457
22.928
17.504
29.013
30.455
40.313
13.471
41.213
12.325
10.072
24.184
32.657
14.190
93.466
28.035
63.535
44.501
53.017
31.212
47.763
7.653
24.682
14.365
18.243
36.447
37.186
44.135
36.751
22.074
11.827
20.708
39.070
18.774
10.522
31.761
37.935
30.615
7.282
17.233
38.794
16.193
42.919
45.853
62.494
38.637
63.916
50.382
30.279
35.181
14.815
55.903
10.311
38.713
15.577
12.576
20.266
26.939
11.068
16.979
15.334
13.187
61.745
14.588
31.210
23.813
32.691
26.155
39.264
79.358
27.378
42.354
16.881
57.732
20.425
11.165
15.252
18.583
22.510
7.537
38.343
14.309
84.563
36.641
59.661
33.073
51.254
47.938
36.604
22.690
34.545
9.697
28.445
51.794
22.833
70.724
17.847
38.500
26.402
32.413
28.926
18.220
35.938
28.474
37.060
38.639
29.277
61.730
14.372
40.186
24.787
24.298
10.268
12.678
49.697
26.928
49.555
40.425
49.164
24.660
46.804
44.747
56.282
29.610
66.800
37.067
78.003
29.623
18.368
34.491
25.266
30.845
50.420
48.863
15.446
31.504
5.558
30.223
49.361
25.478
38.292
18.258
67.770
49.493
29.456
42.323
28.609
20.702
39.213
34.210
37.104
9.954
23.308
31.446
31.637
45.592
39.901
66.109
51.780
70.279
19.666
24.695
11.699
24.092
13.351
49.955
35.050
62.530
49.952
6.250
75.560
18.097
18.480
6.282
30.938
34.783
24.898
47.045
8.367
6.823
63.893
1.398
34.964
30.655
41.581
51.987
23.278
39.638
57.683
31.993
121.419
65.674
80.187
52.947
49.423
21.274
44.231
31.590
10.915
61.910
54.498
17.358
8.188
13.546
55.084
44.105
52.364
40.923
30.805
20.886
22.274
51.219
16.710
44.320
20.310
35.999
5.458
52.261
22.275
39.908
35.397
12.624
21.195
17.810
20.244
18.732
44.494
26.971
31.080
20.781
11.732
30.874
24.333
18.914
36.581
45.096
55.982
24.354
8.227
33.012
59.838
42.607
13.108
12.195
53.404
43.276
31.399
25.611
21.436
33.308
11.912
26.419
35.025
21.277
20.263
33.512
19.020
63.639
22.910
48.154
50.379
5.562
49.018
48.306
44.080
17.783
54.629
26.081
77.567
37.963
83.648
54.978
44.017
34.507
54.961
36.675
43.295
29.736
46.344
9.774
9.167
13.451
72.035
73.331
69.069
32.496
20.461
31.732
27.624
14.263
28.169
32.195
19.429
39.259
39.078
72.762
43.116
31.051
78.645
8.706
91.858
19.556
20.310
43.709
47.885
19.889
14.454
25.045
46.711
6.536
46.844
16.036
8.376
37.820
25.927
35.025
27.050
26.198
35.615
39.786
26.650
41.182
18.772
7.313
14.622
8.594
29.660
44.892
31.018
11.188
35.332
29.871
75.996
32.632
56.407
24.752
36.029
25.698
12.656
57.718
33.738
55.022
44.140
40.828
36.531
27.686
71.085
84.210
90.349
75.895
28.061
18.735
10.685
24.909
48.486
96.954
69.083
72.219
21.615
32.705
14.408
50.489
14.322
66.157
63.188
89.263
47.388
37.609
5.624
41.871
28.881
42.474
53.116
29.711
19.761
38.743
10.577
29.161
21.540
80.037
61.093
88.448
3.285
31.725
57.231
42.458
30.933
17.071
16.909
22.953
19.012
17.413
26.269
14.018
44.798
9.850
45.924
17.251
62.899
11.584
34.983
7.714
34.599
22.988
19.358
15.914
15.682
27.539
20.312
36.428
16.997
35.192
34.030
9.661
40.204
19.263
30.279
42.868
22.890
33.471
10.359
33.073
1.488
61.441
18.713
54.506
51.379
48.706
91.811
41.308
77.888
8.599
67.785
30.804
53.143
8.706
39.468
4.301
26.960
19.343
6.297
20.580
53.739
76.364
21.534
82.140
27.273
33.038
23.305
59.925
15.558
53.040
55.960
37.106
44.062
29.258
21.454
42.472
42.166
58.569
26.632
39.349
47.805
19.322
47.291
50.004
29.810
29.348
47.985
20.568
21.700
15.460
20.606
18.230
33.422
28.380
16.937
35.127
16.732
32.720
16.371
65.376
11.947
59.863
30.171
32.824
67.953
34.745
35.176
55.436
1.251
15.962
48.893
17.843
26.290
45.260
71.366
87.734
46.383
49.257
41.619
54.950
16.544
21.536
30.469
20.127
48.893
36.199
36.065
16.248
19.067
22.720
54.191
43.800
37.683
28.937
29.229
65.695
73.221
18.557
87.984
16.157
55.486
41.171
42.543
66.873
17.580
14.723
36.869
35.752
64.944
39.030
40.260
53.830
10.256
61.590
22.353
42.944
14.007
35.866
29.210
42.376
18.384
21.110
6.791
78.307
50.433
46.592
10.936
56.402
27.603
35.766
23.725
11.186
28.000
21.823
51.058
14.498
58.147
22.089
18.717
40.001
52.997
11.918
40.859
8.997
61.195
34.114
31.510
17.623
20.232
11.830
80.630
53.948
78.753
12.444
5.119
46.910
21.181
28.980
36.772
12.645
86.549
50.791
70.521
43.667
53.539
29.054
64.681
30.767
73.536
10.877
70.543
45.752
56.389
37.279
20.736
28.193
35.551
36.541
26.617
12.333
32.748
32.741
25.111
33.227
7.410
42.306
10.981
30.747
33.528
30.984
14.690
32.931
31.794
41.375
19.965
19.516
27.021
17.574
41.102
35.396
66.167
21.167
29.089
17.035
29.146
22.255
50.351
16.191
33.048
25.106
64.027
41.394
50.502
101.372
79.848
63.978
25.966
17.294
21.107
55.496
39.137
44.343
14.446
37.909
4.851
15.452
6.476
51.918
48.230
46.254
53.509
35.410
10.046
53.526
33.372
42.538
37.945
28.570
25.001
23.875
29.333
25.369
11.724
29.406
38.767
26.859
46.791
91.853
25.146
57.303
24.437
37.695
18.370
26.301
32.672
45.188
37.705
22.142
37.902
43.137
53.011
14.338
35.596
22.054
48.640
39.850
25.417
16.275
22.944
37.179
12.631
43.259
28.662
17.301
28.694
55.782
24.463
91.458
39.766
56.192
31.702
5.153
48.789
39.682
11.346
32.483
17.380
14.990
3.121
43.584
41.626
40.152
44.490
35.203
16.618
37.854
33.468
25.062
22.862
36.777
46.313
15.050
60.396
45.092
20.687
47.437
12.659
27.052
46.844
45.964
17.990
25.573
11.281
3.248
29.912
14.443
23.539
11.895
14.320
1.163
26.493
34.978
15.337
26.048
32.487
61.681
27.904
106.696
64.360
92.790
24.556
12.424
22.682
37.600
25.289
32.258
7.344
26.684
21.708
24.638
50.546
30.802
46.849
14.551
26.154
20.487
26.419
19.862
31.043
33.547
21.566
30.863
13.987
10.704
101.243
27.229
80.996
44.256
63.727
64.445
27.939
42.998
41.754
15.448
22.233
74.708
27.049
60.152
32.326
29.689
11.497
38.444
54.838
35.717
31.721
13.035
8.900
20.158
28.751
20.537
17.766
42.712
35.673
50.052
27.160
26.606
18.998
21.646
24.294
21.233
54.219
14.180
31.826
42.764
18.851
32.338
16.196
14.283
37.377
15.800
42.519
5.518
22.236
45.592
51.721
41.010
22.606
56.314
30.483
15.308
45.888
135.168
23.892
75.752
33.874
39.743
24.183
36.942
45.326
46.791
58.234
31.695
13.954
20.264
28.178
50.536
30.408
11.064
40.460
32.928
35.388
19.956
35.710
27.139
32.686
14.749
6.810
19.293
23.983
30.386
9.437
26.664
45.058
43.284
6.469
58.129
33.449
78.249
22.004
71.593
12.975
36.678
29.851
59.032
18.210
25.071
42.078
26.094
10.444
37.441
3.764
38.271
16.217
48.995
46.107
21.253
36.933
44.886
10.698
33.560
10.970
63.532
36.896
16.390
27.623
22.688
22.262
32.172
1.513
69.871
39.647
29.827
29.469
22.881
36.215
35.397
58.527
28.873
35.250
78.774
18.265
24.365
31.196
29.861
37.090
64.645
34.456
29.733
9.650
48.998
25.739
11.127
37.529
30.353
13.755
15.001
26.115
4.022
40.711
14.879
28.596
52.528
21.568
49.089
22.931
8.180
28.300
40.368
44.837
47.532
95.816
12.307
31.232
23.453
13.819
66.652
8.434
18.198
11.581
42.010
6.270
15.321
84.581
14.222
56.921
28.187
48.558
60.004
32.024
60.250
2.852
23.565
13.844
29.858
30.753
24.516
60.231
22.299
46.422
36.455
11.344
91.941
10.851
43.364
29.756
56.723
17.765
36.290
25.071
31.876
17.031
14.825
47.562
66.371
13.662
11.352
42.788
35.822
53.065
44.072
21.310
10.183
68.817
23.272
36.577
25.502
11.771
45.126
69.018
66.171
39.739
44.140
39.774
20.747
68.326
94.025
79.769
69.486
64.837
41.421
7.238
26.420
35.819
17.877
13.565
25.735
90.714
60.860
101.462
53.163
50.753
40.356
22.052
47.365
13.465
92.126
32.884
30.923
38.160
27.878
33.468
12.243
34.152
42.911
24.863
37.467
14.449
34.553
11.090
57.124
13.806
22.614
16.139
46.123
30.903
38.604
73.178
53.039
16.600
25.285
56.531
25.936
30.682
52.894
32.727
47.567
45.971
10.472
56.753
79.387
28.666
57.505
66.739
34.523
17.801
11.896
37.667
28.158
27.817
39.611
74.727
39.612
79.525
36.965
63.643
23.080
8.178
9.892
32.397
19.643
9.026
24.165
22.874
51.713
21.272
23.160
12.275
17.860
13.056
42.993
12.921
45.314
35.350
41.946
17.879
5.881
43.726
30.334
32.168
18.665
20.071
16.043
53.844
65.998
49.267
55.175
27.199
23.809
8.224
27.261
54.159
20.685
61.519
54.857
69.554
49.697
8.300
35.526
16.635
19.681
3.864
7.316
20.921
25.282
25.833
38.075
34.704
34.703
67.343
31.150
34.995
26.976
76.516
45.520
45.398
44.780
19.288
45.151
34.186
44.016
25.367
6.381
20.086
23.691
29.128
27.790
36.778
16.238
6.438
27.199
32.643
59.663
35.114
49.349
39.296
7.493
31.261
36.821
44.096
15.842
36.555
18.191
8.875
8.720
43.444
31.503
17.795
42.780
30.051
68.522
41.072
52.323
46.828
46.296
29.376
52.745
11.450
27.052
28.886
71.219
100.911
65.340
100.031
56.589
54.490
24.302
31.757
29.535
78.152
39.164
31.661
76.804
40.541
41.230
26.448
21.500
14.178
18.197
23.479
24.453
5.761
31.308
34.531
13.720
31.082
21.975
42.210
18.820
26.655
73.876
23.072
55.433
35.752
21.845
17.313
8.560
11.630
31.389
17.784
18.088
14.077
42.000
59.680
34.791
19.701
71.894
13.406
53.186
21.802
30.762
17.450
39.109
28.370
26.500
20.839
45.918
24.013
36.000
20.804
25.758
34.189
28.939
20.141
28.416
21.030
11.518
21.696
16.145
41.846
9.278
31.459
29.872
38.211
60.681
40.832
60.284
26.900
48.207
22.075
52.876
42.373
52.836
18.893
38.110
15.792
12.691
3.597
19.281
29.089
14.080
49.887
21.094
28.125
21.077
14.267
16.191
29.081
84.449
28.132
67.408
26.746
45.603
32.530
38.594
29.759
12.810
80.175
17.998
49.665
22.438
32.243
68.991
3.089
19.072
30.721
49.863
9.193
60.356
18.506
37.583
42.761
27.795
45.457
17.768
13.224
30.394
35.138
46.053
15.439
35.033
17.006
17.788
26.804
24.534
53.128
71.955
61.739
73.587
39.352
49.823
49.300
60.944
41.765
56.336
52.601
90.946
21.376
48.022
44.377
55.235
29.364
35.726
39.925
11.906
16.814
29.971
38.399
49.788
38.147
15.972
14.735
35.237
15.281
55.529
4.901
55.945
49.186
5.304
38.428
48.748
45.065
12.699
46.945
42.434
43.604
22.545
60.904
16.012
14.971
50.708
26.573
58.853
43.928
51.281
50.571
32.576
21.122
19.289
9.060
35.244
36.411
61.368
31.497
24.327
21.465
28.293
16.877
25.813
35.823
18.490
19.790
27.313
42.397
17.641
27.321
11.768
12.290
27.018
62.458
13.147
100.084
24.698
66.614
22.069
99.729
33.450
53.299
45.847
33.228
20.248
19.867
31.567
55.675
9.627
43.007
20.445
45.017
36.834
98.663
24.435
68.486
17.182
49.573
25.257
74.279
30.369
47.096
58.474
42.935
80.210
20.537
47.172
38.519
30.599
11.005
25.911
30.864
28.323
55.794
22.062
33.084
28.065
49.959
23.574
16.010
33.635
17.344
23.732
51.553
22.817
49.471
21.013
63.882
49.630
37.123
47.503
49.514
26.924
60.176
18.512
20.771
26.666
20.107
5.882
22.520
8.645
40.884
45.717
27.788
16.611
33.680
26.610
24.975
55.464
56.211
71.576
52.025
43.368
38.550
22.242
87.951
36.721
79.522
9.246
41.715
7.914
56.127
4.249
46.447
53.186
57.921
73.318
67.748
19.023
32.907
17.106
32.350
29.101
24.248
27.731
26.987
21.335
45.957
19.842
28.001
33.750
8.548
10.356
28.632
57.291
37.676
23.834
46.991
5.166
67.607
28.690
112.210
72.420
42.328
46.625
49.103
17.101
22.341
35.544
28.298
31.165
24.949
8.455
8.684
30.459
35.241
9.965
52.243
13.862
15.377
9.323
28.819
35.010
45.595
53.348
28.563
26.091
37.184
37.740
45.176
38.724
29.756
42.112
53.891
78.568
26.702
67.273
16.472
12.504
19.728
13.341
17.035
48.552
10.268
27.743
27.875
38.062
29.446
20.719
35.091
14.727
46.991
45.046
69.897
34.741
67.226
36.366
46.169
26.506
16.744
50.020
58.982
56.924
59.166
27.070
66.099
33.339
24.858
14.616
57.558
14.511
26.441
55.206
26.059
87.343
34.114
75.628
5.242
24.786
17.978
27.332
17.275
37.427
12.569
10.170
30.292
32.799
20.141
29.078
21.005
12.277
89.713
83.764
38.396
79.607
45.571
47.951
52.310
35.631
40.316
42.557
36.996
31.764
32.837
12.122
92.561
37.706
44.542
41.550
47.329
10.866
42.452
30.485
25.089
41.942
45.415
30.478
35.519
23.894
29.992
9.902
42.974
24.768
29.248
16.836
13.578
24.584
37.205
18.563
16.590
69.179
53.071
39.864
18.581
58.935
26.255
85.299
10.321
37.335
3.250
45.827
55.301
50.995
46.769
44.573
30.696
53.107
11.754
45.851
28.290
51.258
23.805
48.939
7.999
24.419
29.406
46.310
22.265
28.979
23.799
11.658
25.621
33.739
41.911
48.629
42.133
73.500
25.202
16.423
23.978
41.934
38.664
51.795
57.531
35.697
18.246
37.630
35.975
50.761
30.509
22.609
60.745
31.659
31.629
26.313
28.590
7.989
13.284
12.723
45.426
27.620
40.445
17.242
34.878
33.289
48.741
28.840
20.748
25.009
39.788
36.930
19.145
24.584
10.252
9.484
25.827
61.918
40.421
32.730
32.190
23.918
52.920
20.082
46.514
35.706
60.211
10.429
39.603
13.842
18.443
12.404
41.131
31.681
116.964
56.386
62.559
39.696
22.057
23.576
50.504
46.273
15.867
21.971
46.366
29.906
22.112
30.622
31.251
31.190
39.480
30.345
27.553
61.128
41.977
38.701
16.876
46.853
47.314
27.814
10.563
32.310
59.373
14.093
42.859
35.192
30.930
31.053
30.500
18.062
60.753
40.338
19.781
22.704
23.661
37.140
13.364
19.744
22.817
23.573
28.470
40.108
32.922
19.137
23.613
15.213
10.484
17.565
51.383
68.240
46.352
34.998
15.225
14.060
17.327
42.308
7.720
75.460
47.455
63.738
34.521
59.641
41.781
43.297
3.138
36.282
28.644
37.384
16.648
16.333
37.436
49.896
52.434
58.914
14.641
29.190
27.553
13.104
37.857
40.415
57.304
54.863
54.932
33.965
23.209
28.637
40.486
57.610
27.263
17.547
39.904
18.666
30.111
15.615
33.997
44.618
64.200
37.159
42.275
8.235
21.946
47.809
35.293
32.237
27.117
94.996
117.653
39.276
62.327
39.470
19.400
37.350
39.595
9.313
43.336
28.618
17.661
24.205
26.571
50.360
60.128
40.304
4.871
3.769
34.863
38.050
41.871
25.264
50.868
37.464
27.098
33.251
35.394
46.798
67.092
45.826
28.624
49.983
10.016
8.264
25.897
31.388
47.356
67.838
41.397
35.709
24.377
9.719
8.971
17.577
52.039
49.579
38.059
60.750
6.486
81.918
17.499
45.498
54.068
14.700
87.700
36.969
17.021
60.847
30.813
43.771
75.698
48.071
45.461
12.384
35.760
44.159
33.571
15.173
22.886
74.069
11.201
98.524
12.454
53.275
11.185
30.532
23.703
26.720
36.009
13.603
6.996
8.250
12.573
35.075
33.239
10.757
48.310
8.765
55.658
25.811
41.833
34.425
34.588
32.391
10.112
28.797
49.171
36.839
28.040
47.632
17.842
30.414
14.445
80.038
24.454
59.199
9.227
5.853
39.913
33.161
48.360
46.006
20.460
26.231
17.933
28.233
59.699
15.853
38.810
30.973
39.567
123.437
63.801
70.962
36.994
44.242
24.147
30.079
53.963
29.693
60.121
66.917
43.695
50.292
43.087
22.704
29.103
76.335
9.453
37.899
8.975
5.822
9.425
9.798
42.055
33.811
21.499
27.525
29.527
18.788
10.391
11.175
22.860
10.261
18.183
29.083
15.247
11.908
55.463
27.784
36.666
15.581
34.044
42.463
39.332
35.969
16.013
16.936
23.113
48.254
17.395
38.676
6.622
23.273
21.369
65.248
32.091
33.336
39.651
56.226
37.902
61.695
11.240
48.231
26.139
22.156
6.600
10.330
14.968
33.559
25.450
43.710
56.127
50.133
50.961
65.713
21.158
26.423
17.999
62.904
29.150
22.699
6.699
21.891
33.218
35.664
21.002
25.878
61.076
73.170
53.291
70.729
48.953
24.794
20.225
28.977
15.668
28.236
40.523
57.519
33.129
19.081
29.809
18.122
52.097
26.682
56.182
14.712
32.588
20.918
23.428
4.621
18.904
19.373
20.190
32.248
18.050
35.230
28.926
35.745
10.018
63.829
32.747
15.576
41.251
20.858
26.240
33.847
20.662
22.742
41.206
21.042
28.079
44.215
16.679
21.296
22.084
36.378
18.592
47.912
24.361
59.081
21.593
20.762
43.250
17.423
40.175
21.241
25.574
17.888
87.071
35.126
31.977
50.548
6.696
46.328
20.049
59.616
44.541
24.281
19.463
18.499
11.599
27.876
54.212
47.920
61.157
50.844
38.913
44.141
25.277
27.312
21.896
44.478
28.484
39.181
7.000
26.682
49.713
29.460
61.610
18.694
51.064
66.065
41.307
57.210
63.647
8.692
24.999
45.100
70.269
103.687
46.005
51.584
10.906
36.064
33.011
38.641
17.674
31.380
43.873
34.923
66.428
18.825
27.979
5.259
23.465
10.218
35.648
40.042
16.016
70.010
8.765
60.393
47.786
70.229
27.105
3.822
31.323
80.506
18.444
95.122
53.958
81.056
52.821
34.701
28.489
5.635
32.990
51.011
23.785
48.162
20.487
14.716
51.989
18.065
42.032
20.778
59.693
16.728
16.286
39.044
41.431
29.201
30.083
25.062
35.314
9.014
78.346
36.109
29.319
18.440
77.155
20.962
79.802
37.193
63.920
24.781
36.014
54.896
16.095
63.650
23.468
29.685
25.779
7.475
20.080
27.584
48.376
13.414
8.008
15.818
73.365
90.515
41.114
66.852
25.314
30.142
3.315
22.197
94.892
15.062
55.603
34.124
33.953
8.808
36.450
42.516
55.364
10.914
36.220
40.011
9.733
29.716
23.561
18.670
20.092
48.023
16.192
16.564
23.383
59.616
62.775
32.324
65.684
43.149
30.640
24.854
74.595
51.613
29.537
27.479
20.364
23.892
28.102
64.580
52.018
63.061
27.642
45.310
20.382
22.912
15.324
25.598
49.903
27.186
33.410
47.200
37.449
54.472
17.683
38.316
66.274
23.542
56.542
23.696
13.815
17.647
26.996
16.436
13.847
25.190
43.816
33.628
21.431
15.186
11.269
68.417
16.704
43.358
27.401
13.641
41.619
67.769
54.434
31.037
22.616
31.358
10.352
20.828
18.149
23.151
6.869
13.329
32.215
22.174
17.449
24.583
32.588
29.166
62.390
27.385
14.620
74.624
73.573
46.565
53.051
21.497
32.962
47.620
16.214
25.307
11.901
16.184
28.900
31.394
23.697
15.137
23.419
10.472
31.648
31.629
31.757
50.352
29.876
48.452
22.550
12.473
17.309
22.340
7.830
17.133
21.790
16.274
30.877
14.978
23.933
20.437
35.623
15.273
33.097
55.870
13.973
84.744
46.470
42.164
32.727
12.255
14.474
31.390
28.368
39.131
41.398
36.054
7.720
46.475
30.173
73.794
35.435
27.040
25.351
21.251
13.445
18.056
33.301
32.094
36.753
20.114
16.126
37.918
19.338
34.750
32.243
10.803
22.490
37.924
33.272
18.331
15.624
17.448
27.474
39.314
72.388
27.651
57.756
13.876
35.580
36.286
43.662
18.985
45.602
17.857
70.557
42.543
26.446
46.999
67.143
37.186
48.511
26.624
21.062
28.205
10.430
24.344
7.057
8.263
14.657
31.161
19.154
70.841
8.224
43.742
49.555
63.364
23.009
62.036
30.332
22.330
49.299
53.070
55.931
82.400
57.612
34.160
24.825
17.963
20.177
48.366
18.827
38.610
28.990
16.422
33.904
21.377
30.268
7.244
67.780
70.173
51.355
49.504
37.946
39.648
47.111
63.151
21.931
63.763
29.176
29.321
48.472
37.300
37.827
48.281
19.086
8.944
29.321
13.621
32.631
8.086
30.831
62.541
21.204
17.793
50.043
56.142
79.792
33.817
74.867
6.026
45.266
58.868
48.356
28.729
10.558
19.056
34.170
34.859
30.964
43.471
31.475
43.785
30.875
48.447
48.792
39.904
47.599
26.377
19.575
33.137
33.495
35.832
16.512
41.511
26.677
28.094
32.770
16.110
44.170
17.893
35.225
51.218
24.352
85.478
18.513
26.111
31.534
55.627
39.463
5.081
30.358
52.683
26.238
51.657
22.697
14.226
53.637
7.900
35.195
6.524
14.920
16.528
21.558
33.775
61.884
43.911
56.517
41.662
26.915
20.199
31.477
17.059
10.310
44.805
50.595
42.014
69.010
7.032
21.114
24.891
69.445
49.146
57.928
45.373
13.207
19.090
18.006
14.408
8.451
30.158
20.415
29.076
15.043
12.268
43.667
14.455
56.903
16.530
43.776
14.216
36.471
15.869
28.640
18.376
12.390
69.420
38.666
42.799
37.040
39.316
9.180
17.068
23.902
64.224
25.536
3.502
45.870
30.548
37.849
18.550
93.561
23.890
25.199
1.850
12.737
20.790
14.875
78.160
39.843
68.002
71.446
10.434
63.326
16.258
60.050
59.119
36.788
65.030
25.751
55.250
30.424
20.118
31.286
38.726
32.324
39.569
20.586
20.240
27.651
37.377
21.997
63.671
12.485
61.276
32.697
97.438
74.806
48.646
57.975
91.962
5.032
50.179
19.779
14.888
34.053
42.749
7.671
69.619
20.661
49.435
34.319
12.384
39.396
23.670
77.716
10.004
90.338
16.308
19.509
35.949
66.857
52.211
18.261
26.639
28.350
10.720
9.037
29.887
65.844
27.654
43.795
13.508
15.600
89.869
27.224
56.285
20.122
26.593
13.591
56.141
17.771
4.860
38.829
66.834
11.715
7.431
62.256
56.375
77.124
45.911
31.098
38.755
21.394
21.034
39.258
50.652
35.022
57.754
47.564
56.745
33.713
39.018
45.231
123.039
55.412
73.855
28.840
12.955
39.501
34.938
35.836
5.680
35.971
55.221
19.021
41.689
31.415
20.720
27.673
46.186
36.779
55.571
53.477
31.580
18.728
34.148
64.430
77.732
41.509
62.459
12.117
24.636
14.389
3.054
31.204
17.825
25.981
29.317
42.173
41.853
28.112
80.866
36.760
48.628
42.222
12.230
54.271
6.569
21.396
27.210
27.593
15.475
27.601
11.445
19.610
40.228
31.260
28.499
28.579
33.861
18.968
22.826
42.888
7.930
29.468
44.455
43.840
67.823
21.353
47.841
11.090
37.909
25.084
49.177
58.382
54.764
32.530
58.527
4.052
34.351
27.176
25.618
44.334
33.851
50.385
21.821
29.939
28.953
26.460
29.117
32.323
21.190
13.670
14.525
50.056
42.222
43.554
85.021
13.568
54.877
35.044
5.110
3.498
4.634
76.078
41.179
85.553
11.521
45.250
13.568
54.672
41.811
45.641
27.787
42.321
34.079
34.154
17.457
21.466
31.849
12.168
48.307
18.415
18.706
48.187
38.554
17.361
50.452
40.370
10.142
55.763
7.143
18.301
37.675
43.287
41.069
34.226
25.431
43.497
48.368
29.035
27.007
15.926
37.880
25.331
14.459
55.494
68.056
47.820
63.454
20.260
36.497
7.255
86.294
40.982
68.944
22.388
48.826
14.502
65.521
15.636
14.383
41.972
21.350
31.713
30.921
18.132
41.165
44.254
4.580
67.211
68.470
57.671
68.877
44.343
77.436
31.110
37.334
34.242
50.794
14.405
53.617
21.892
21.856
9.019
21.975
34.228
13.478
63.366
18.505
6.149
25.451
14.664
25.753
5.863
20.879
49.701
39.053
75.710
28.151
19.042
24.336
59.557
20.954
26.850
32.455
6.091
46.507
36.030
20.506
36.170
41.150
55.549
40.177
9.329
38.536
24.938
30.253
9.416
32.422
5.668
11.013
32.638
23.002
26.296
23.770
39.919
17.399
56.009
20.626
52.344
29.248
27.715
28.215
31.686
19.733
20.645
11.715
29.662
9.844
40.631
23.324
18.190
29.322
11.006
21.864
7.365
3.304
25.918
17.486
14.811
17.139
43.415
14.486
50.994
6.776
35.862
16.512
11.095
22.113
30.282
36.558
37.017
35.757
76.828
101.425
48.709
31.736
14.304
43.628
22.623
65.200
20.325
39.208
25.789
24.730
17.282
44.601
36.925
82.022
19.222
46.087
31.346
41.008
35.948
5.156
58.941
3.103
38.896
21.456
27.376
9.587
44.908
33.832
14.265
60.139
49.215
31.453
59.750
32.189
24.860
46.208
65.705
47.040
63.692
46.579
48.649
56.729
6.030
36.767
30.632
10.939
15.533
29.049
31.769
45.156
72.514
35.398
44.150
22.614
30.729
22.646
39.400
29.732
83.161
22.190
40.712
10.289
36.918
31.365
75.538
40.937
51.235
39.379
40.595
64.052
17.571
38.387
6.574
9.050
27.434
43.783
26.427
54.903
42.869
48.629
35.111
7.485
53.119
43.344
51.944
39.363
23.730
16.844
10.280
35.090
13.942
30.406
14.049
36.910
40.609
5.238
24.008
19.168
19.388
29.112
2.798
42.358
24.222
8.466
51.497
34.050
15.298
34.224
8.998
18.832
13.712
28.268
17.889
22.562
20.292
26.496
20.663
14.423
28.961
22.211
87.309
54.169
52.552
25.619
43.353
11.188
23.337
27.942
32.786
14.908
18.870
51.154
36.307
50.286
29.882
16.216
11.037
43.864
47.045
25.209
26.269
42.194
25.711
70.900
10.730
64.976
6.281
34.866
40.515
13.623
46.547
30.921
16.822
31.169
72.313
36.551
81.275
9.210
51.028
35.581
27.329
18.884
87.582
15.896
52.238
27.332
9.049
38.331
31.625
62.211
34.976
42.609
15.493
51.639
23.964
44.270
27.717
36.722
44.342
91.685
35.112
45.962
63.057
15.298
11.022
39.024
58.196
65.160
48.557
55.050
26.575
35.444
40.218
24.247
25.272
10.101
34.098
110.610
59.312
54.164
31.095
27.456
42.367
26.795
53.613
22.120
30.776
16.807
35.839
9.107
42.987
61.169
26.720
31.817
35.687
26.540
85.961
34.992
56.827
35.439
23.595
36.099
33.808
29.240
8.240
35.405
20.840
60.400
13.598
60.045
15.032
27.379
23.778
13.040
16.846
113.659
51.331
70.613
24.219
7.858
25.598
27.754
43.260
42.167
30.465
39.706
17.154
8.626
29.283
36.536
73.545
25.444
40.501
10.402
19.241
23.502
26.512
8.576
9.679
48.650
8.285
37.758
35.984
26.494
38.334
90.627
10.998
37.290
15.437
27.030
24.763
36.291
27.527
15.913
39.982
14.013
19.180
34.083
24.956
23.580
38.599
25.506
34.336
31.771
29.378
31.721
28.858
31.481
18.798
28.294
10.152
25.653
36.715
30.576
23.505
37.005
37.289
34.415
37.749
27.901
85.209
56.917
38.915
23.642
7.444
8.303
39.427
37.572
19.845
24.818
38.380
27.949
78.969
12.787
44.970
11.452
29.316
6.650
47.143
45.726
41.051
43.949
32.555
12.742
51.711
20.122
36.430
42.548
40.181
87.417
45.983
32.576
14.652
12.804
35.526
12.968
13.248
41.125
30.711
21.183
50.460
28.695
52.118
60.837
42.762
85.207
39.764
66.394
45.917
54.049
35.805
97.070
46.161
89.900
11.494
37.964
16.162
34.370
21.358
42.815
41.046
31.898
44.815
35.029
5.605
25.891
18.103
39.646
29.741
36.501
32.631
90.229
66.027
37.963
14.943
13.212
40.288
21.255
13.966
11.825
8.326
60.425
7.066
20.416
36.175
43.042
49.070
36.490
41.313
41.591
28.020
53.964
12.153
17.717
16.873
16.639
24.710
15.849
36.630
46.529
25.341
55.627
17.436
36.772
58.523
35.737
53.075
39.188
40.921
47.540
46.093
5.604
54.099
10.260
64.488
66.591
31.261
12.261
16.939
39.770
53.108
21.083
36.093
33.831
46.432
56.945
48.618
30.384
66.751
36.211
31.123
32.018
11.996
93.211
19.321
64.388
29.059
27.220
63.430
20.000
30.335
22.272
55.656
68.506
65.425
69.733
27.058
48.800
16.073
36.198
11.768
38.332
14.275
40.437
23.613
40.780
47.810
41.141
33.925
34.065
60.264
12.220
46.292
12.950
44.990
19.265
18.545
24.498
7.565
20.279
20.130
31.124
46.010
40.461
141.273
26.541
85.180
43.282
39.606
27.370
26.394
19.518
42.035
40.959
13.444
45.862
15.620
25.563
44.821
15.007
42.817
18.559
48.502
27.337
57.373
8.315
15.737
8.703
47.028
26.686
32.042
26.275
15.898
55.184
22.624
17.786
12.741
48.836
33.606
23.562
10.203
54.289
16.961
41.483
34.452
17.872
49.527
21.423
75.372
45.936
59.044
49.927
21.866
47.671
2.280
41.678
3.418
34.946
41.060
37.664
14.222
56.157
8.098
23.304
17.943
61.059
52.405
34.634
25.841
40.767
41.972
48.764
37.139
67.519
34.017
35.799
54.764
48.426
80.835
83.463
33.215
35.409
41.724
48.614
26.773
47.532
22.482
51.551
23.927
13.375
37.070
16.212
34.879
14.769
76.972
11.703
62.119
19.539
4.500
22.634
19.004
45.517
27.221
36.390
25.834
18.742
35.821
9.541
51.074
27.617
25.272
46.036
15.717
54.243
35.498
41.619
26.168
18.008
21.044
3.712
24.147
46.853
15.288
26.066
46.654
87.285
15.246
66.863
36.346
17.350
36.341
37.628
62.179
55.981
44.536
77.003
39.415
35.035
40.396
45.584
17.050
72.796
47.886
50.915
61.442
19.883
25.923
29.864
58.920
30.901
44.222
20.368
38.531
66.316
36.540
81.807
18.221
20.775
28.732
2.970
11.490
16.043
52.306
38.226
75.037
31.857
33.736
24.437
32.016
45.450
53.293
22.202
25.778
16.463
24.891
31.395
27.692
63.632
93.046
36.474
44.085
48.976
50.579
45.094
28.454
18.674
42.951
21.370
33.977
31.809
28.946
22.286
35.709
42.535
37.140
41.934
46.484
40.860
63.947
16.119
65.226
39.766
53.003
40.579
29.768
55.602
18.897
116.812
25.438
60.966
41.764
35.513
41.401
20.555
82.564
5.368
53.438
28.299
47.089
27.189
17.074
15.295
48.839
11.650
23.152
12.868
15.288
34.406
17.728
12.260
40.404
20.447
11.958
32.074
24.362
18.702
14.155
36.427
19.215
58.558
31.639
71.796
21.234
17.200
46.030
8.617
37.161
14.911
25.091
10.225
8.312
68.407
38.081
44.236
28.627
47.224
41.119
45.303
18.369
66.926
31.692
46.822
64.564
64.837
41.038
25.764
12.167
20.843
30.867
4.504
29.634
43.848
24.552
33.326
29.587
48.688
18.922
28.146
73.302
42.116
42.129
37.800
55.049
30.284
34.254
45.179
7.646
44.062
37.435
33.242
22.729
84.287
28.910
84.412
23.543
47.507
30.667
14.221
47.341
12.014
16.870
32.002
85.806
86.440
24.026
105.952
40.570
23.584
11.241
11.220
26.128
12.607
71.892
35.754
59.509
81.501
69.736
55.465
35.224
39.866
35.691
16.124
23.671
42.503
21.363
36.090
23.097
12.754
69.785
32.892
58.619
6.856
68.775
16.074
26.319
39.612
49.027
13.159
28.774
40.823
27.900
60.886
20.874
35.680
53.732
45.568
34.041
37.612
21.390
43.872
33.690
20.217
40.204
8.802
39.896
16.149
47.386
33.094
44.945
23.626
59.676
44.756
33.714
37.667
33.996
10.632
44.793
55.596
26.902
18.631
62.899
23.445
41.095
6.198
33.546
18.502
60.168
51.173
35.513
52.052
22.445
46.813
24.814
70.344
23.404
38.231
47.581
20.294
28.981
25.923
64.051
13.498
53.840
19.381
26.745
27.458
26.847
42.265
8.027
8.632
31.513
10.952
41.600
25.419
34.299
29.201
14.797
22.267
11.384
40.949
47.870
54.516
20.996
12.490
17.924
17.563
65.840
28.945
65.400
27.716
20.054
33.930
22.305
50.195
78.274
6.793
5.529
58.475
47.752
21.027
35.141
20.045
42.226
21.412
35.293
33.427
27.541
59.300
32.829
62.194
49.125
71.369
59.421
22.874
12.256
18.167
23.293
24.953
31.152
56.350
35.533
44.674
67.937
23.974
61.120
12.456
58.186
30.542
60.050
39.068
65.849
41.999
44.962
33.008
23.651
30.050
47.009
26.906
47.333
12.536
54.831
58.310
25.788
31.040
10.698
36.436
15.402
26.504
41.291
80.040
47.447
42.257
14.084
25.674
37.881
27.524
29.049
18.989
46.443
37.920
24.983
37.058
36.480
36.063
49.630
38.410
46.155
23.515
38.550
39.002
8.881
34.450
19.706
46.663
27.067
48.103
35.965
9.427
47.046
19.812
10.324
73.037
51.576
115.083
48.524
46.279
25.647
39.013
48.506
16.630
22.561
18.742
13.259
32.240
39.388
67.079
20.743
31.348
41.408
5.023
46.879
5.606
19.508
8.765
47.025
19.159
23.696
14.493
23.112
55.540
18.542
61.089
34.775
20.599
37.618
24.525
4.375
13.278
57.917
30.461
43.585
50.141
3.855
61.011
12.018
27.288
45.454
12.413
46.086
52.660
41.535
62.613
24.799
74.178
7.001
54.073
51.413
13.550
76.680
40.862
55.259
15.544
26.240
22.538
15.551
30.422
8.837
70.534
61.565
8.400
18.114
31.199
24.078
51.576
32.752
57.221
40.254
45.733
32.073
46.599
5.664
11.830
6.531
49.752
17.582
44.523
22.866
20.349
28.464
46.490
14.815
9.241
32.409
31.716
32.691
50.505
47.540
39.782
50.532
53.253
2.982
37.396
17.023
38.602
41.073
18.573
49.908
7.962
18.353
34.498
46.963
54.598
42.698
43.820
53.583
21.669
35.459
15.443
40.109
45.925
26.912
37.450
29.744
37.285
62.539
44.653
22.187
78.045
66.212
21.166
70.415
62.363
26.787
27.767
28.266
37.621
39.056
78.581
38.085
32.284
32.196
24.065
42.120
71.659
43.835
63.760
40.808
26.461
40.951
67.072
72.208
25.981
53.942
9.321
68.364
40.786
52.191
24.794
17.327
25.426
31.953
39.125
29.030
13.417
34.335
20.693
37.921
35.820
66.143
26.545
13.459
44.464
32.091
42.347
40.786
7.472
35.790
30.466
12.513
26.137
8.956
61.533
22.278
11.676
28.850
33.570
38.629
8.439
56.710
31.846
14.457
14.929
46.127
38.099
47.983
33.694
24.881
71.716
9.106
29.657
16.969
21.793
37.788
45.205
58.987
43.455
45.989
26.200
51.913
18.338
19.266
8.092
40.186
19.158
30.296
21.319
11.826
35.045
37.190
31.065
16.159
28.441
45.265
12.057
47.775
32.967
25.615
12.550
66.453
59.813
54.946
17.716
36.374
58.363
37.942
18.018
39.032
33.114
48.006
40.848
14.308
18.476
35.520
51.394
26.007
55.622
4.226
9.004
15.228
23.025
21.601
23.754
6.220
41.604
34.170
19.555
34.088
7.489
20.952
22.592
66.080
51.407
48.307
35.742
18.511
17.952
27.126
39.232
29.614
26.026
16.214
39.053
20.043
24.139
24.506
36.413
47.593
74.160
13.694
43.413
23.836
27.892
28.224
10.798
54.911
6.314
43.458
43.438
36.627
25.294
35.719
27.968
17.724
37.178
35.873
27.062
48.616
48.102
20.939
26.871
89.096
43.919
71.094
14.485
20.243
39.585
53.639
47.506
4.872
40.405
28.584
15.926
7.981
16.460
19.153
51.154
9.284
13.250
17.526
44.285
5.281
22.665
28.369
54.731
58.411
13.799
77.283
78.048
84.288
49.737
24.820
9.665
53.964
31.582
24.565
4.865
33.533
5.836
65.741
44.352
23.927
45.810
15.028
42.270
40.615
35.209
23.605
46.309
35.256
38.704
9.662
49.776
11.685
55.889
24.587
12.846
31.430
6.818
23.343
43.472
36.745
43.802
20.032
25.691
17.909
41.563
35.632
39.738
50.139
32.119
51.122
26.174
8.919
25.609
29.092
27.910
7.642
10.940
29.833
44.821
11.508
37.329
36.034
49.168
47.835
44.064
13.288
81.954
94.013
62.779
29.777
59.745
31.920
22.216
52.771
47.235
48.227
40.103
18.231
17.907
30.605
65.693
24.221
55.014
15.401
18.975
29.661
48.359
48.901
6.708
52.893
21.964
6.583
13.552
23.315
26.030
21.579
21.138
19.540
32.041
36.552
13.351
48.744
14.839
17.075
7.132
49.187
36.709
44.385
6.790
28.480
24.522
8.664
48.268
47.960
16.843
49.558
23.576
30.058
7.326
35.590
16.218
54.502
2.816
38.460
11.562
24.104
20.138
33.168
5.653
23.604
26.119
30.012
50.092
63.827
33.726
38.770
29.084
24.047
21.522
26.522
22.156
4.069
53.968
25.889
55.734
39.148
60.411
27.643
78.211
33.744
36.483
21.664
26.860
40.874
89.382
18.749
29.639
36.526
15.979
17.035
12.155
25.693
8.462
34.309
10.080
54.399
18.224
34.243
56.919
27.861
30.543
43.540
25.381
55.142
19.730
48.769
33.595
18.651
7.143
26.479
79.983
42.014
47.017
29.576
21.842
13.409
72.961
28.626
25.181
14.884
24.043
33.570
17.590
22.226
33.977
13.396
37.997
16.864
34.892
15.457
11.774
31.024
62.608
60.469
25.329
62.156
10.803
28.055
21.292
18.285
26.166
16.589
9.594
69.284
48.897
41.974
5.348
34.886
49.591
21.969
26.811
15.551
46.875
16.817
23.256
72.784
49.426
56.364
38.225
37.731
2.432
36.585
18.581
46.263
3.961
50.592
30.356
45.294
23.592
49.625
28.985
24.885
18.726
14.653
52.312
18.605
47.757
19.220
20.967
60.803
43.214
41.966
11.385
13.771
89.466
13.221
19.613
6.249
43.752
36.811
40.688
10.329
28.556
25.235
7.281
45.276
0.000
